Workbook

Sheet Submission View
A1: Date | B1: Work Mode | C1: Summary
A2: 20-May-2026 | B2: Office | C2: Completed onboarding, laptop setup, and organizational orientation.
A3: 21-May-2026 | B3: Home | C3: Received team introduction and Revenue Growth Management project overview.
A4: 22-May-2026 | B4: Home | C4: Completed CPG and RGM domain familiarization through accelerator sessions.
A5: 23-May-2026 | B5: Weekend | C5: Weekend – No official internship activities.
A6: 24-May-2026 | B6: Weekend | C6: Weekend – No official internship activities.
A7: 25-May-2026 | B7: Leave | C7: Approved leave for pre-planned pilgrimage.
A8: 26-May-2026 | B8: Leave | C8: Approved leave for pre-planned pilgrimage.
A9: 27-May-2026 | B9: Office | C9: Completed CPG 101 and QMS Awareness (ISO 9001:2015) training.
A10: 28-May-2026 | B10: Home | C10: Completed Data Science Accelerator and studied elasticity concepts.
A11: 29-May-2026 | B11: Office | C11: Performed exploratory analysis on synthetic CPG dataset.
A12: 30-May-2026 | B12: Weekend | C12: Weekend – No official internship activities.
... A23: 10-Jun-2026 | B23: Office | C23: Prepared elasticity model report and started Gemini Enterprise course.

Sheet Daily Activities
A1: Tredence Internship - Daily Activity Log | J1: Go to Dashboard
A3: Date | B3: Day | C3: Work Mode | D3: Activity Type | E3: Detailed Activity Description | F3: Key Output / Evidence
A4: 20-May-2026 | B4: Wednesday | C4: Office | D4: Onboarding | E4: Completed internship onboarding activities, received the official laptop and system access support, attended induction-related activities, and understood the basic organizational structure, reporting flow, work expectations, compliance requirements, and internship deliverables. | F4: Laptop handover and onboarding completed
A5: 21-May-2026 | B5: Thursday | C5: Home | D5: Team Interaction | E5: Connected with the team virtually and received an overview of the Revenue Growth Management practice. Understood the role of the team, project workflow, client-focused analytics approach, and the key learning areas expected during the internship. | F5: Team introduction and RGM overview
A6: 22-May-2026 | B6: Friday | C6: Home | D6: Domain Learning | E6: Went through the Kellanova project walkthrough and accelerator orientation. Learned the fundamentals of Consumer Packaged Goods, Revenue Growth Management, price analytics, sales drivers, demand response, promotional effectiveness, and how accelerator code can be used to solve business problems. | F6: CPG and RGM foundation completed
A7: 23-May-2026 | B7: Saturday | C7: Weekend | D7: No Work | E7: Weekend holiday. No official internship activity was scheduled. | F7: No work
A8: 24-May-2026 | B8: Sunday | C8: Weekend | D8: No Work | E8: Weekend holiday. No official internship activity was scheduled. | F8: No work
A9: 25-May-2026 | B9: Monday | C9: Leave | D9: Leave | E9: Approved leave due to a pre-planned pilgrimage trip before the commencement of internship activities. | F9: Leave
A10: 26-May-2026 | B10: Tuesday | C10: Leave | D10: Leave | E10: Approved leave due to a pre-planned pilgrimage trip before the commencement of internship activities. | F10: Leave
A11: 27-May-2026 | B11: Wednesday | C11: Office | D11: Course Completion | E11: Completed the Industry Overview (CPG 101) course and QMS Awareness Training based on ISO 9001:2015. Gained clarity on CPG industry structure, quality management practices, documentation discipline, process compliance, and the importance of standardized delivery in consulting and analytics projects. | F11: CPG 101 and QMS training completed
A12: 28-May-2026 | B12: Thursday | C12: Home | D12: Technical Learning | E12: Completed the Data Science Accelerator Series. Studied Price Elasticity and Cross Price Elasticity from the same CPG/RGM code workflow used earlier. Created and uploaded a synthetic CPG dataset to GitHub to practice the complete pipeline, including sales, pricing, promotion, product, and customer-related variables. | F12: Data Science Accelerator and GitHub dataset upload
A13: 29-May-2026 | B13: Friday | C13: Office | D13: Project Work | E13: Worked on the synthesized CPG dataset using the same accelerator-style CPG code. Performed initial exploratory data analysis, checked dataset structure, reviewed sales and price variables, studied relationships between price, quantity, revenue, and promotions, and prepared the dataset for elasticity modelling and business interpretation. | F13: Synthetic dataset analysis started
A14: 30-May-2026 | B14: Saturday | C14: Weekend | D14: No Work | E14: Weekend holiday. No official internship activity was scheduled. | F14: No work
... A25: 10-Jun-2026 | B25: Tuesday | C25: Office | D25: Reporting | E25: Prepared elasticity model findings report and started Gemini Enterprise course. | F25: Report and Gemini course

Sheet Activity Tracker
A1: Courses, Projects and Learning Tracker | J1: Go to Dashboard
A3: Activity / Course | B3: Category | C3: Start Date | D3: End Date | E3: Status | F3: Progress | G3: Key Learning Outcome
A4: Industry Overview (CPG 101) | B4: Course | C4: 27-May-2026 | D4: 27-May-2026 | E4: Completed | F4: 1 | G4: Understanding of CPG industry structure, terminology, value chain, and business processes.
A5: QMS Awareness Training ISO 9001:2015 | B5: Course | C5: 27-May-2026 | D5: 27-May-2026 | E5: Completed | F5: 1 | G5: Awareness of quality management systems, process compliance, documentation, and standard delivery practices.
A6: Data Science Accelerator Series | B6: Course | C6: 28-May-2026 | D6: 28-May-2026 | E6: Completed | F6: 1 | G6: Exposure to analytics workflow, modelling approach, business problem framing, and structured project execution.
A7: Price Elasticity & Cross Price Elasticity | B7: Domain Learning | C7: 28-May-2026 | D7: 29-May-2026 | E7: Completed | F7: 1 | G7: Understanding demand sensitivity, pricing impact, competitor/substitute effects, revenue optimization, and CPG use cases.
A8: Synthetic CPG Dataset Development | B8: Project | C8: 28-May-2026 | D8: 01-Jun-2026 | E8: Completed | F8: 1 | G8: Created and refined a retail-style dataset for hands-on analytics, elasticity modelling, and GitHub-based practice.
A9: AI Aware - Learning to Think About AI | B9: Course | C9: 02-Jun-2026 | D9: 04-Jun-2026 | E9: Completed | F9: 1 | G9: Understanding AI fundamentals, responsible usage, governance, enterprise adoption, and business applications.
A10: Pivot Tables in Excel | B10: Course | C10: 04-Jun-2026 | D10: 04-Jun-2026 | E10: Completed | F10: 1 | G10: Learned summarization, grouping, filtering, and interactive Excel reporting techniques.
A11: Exploring Data in Excel | B11: Course | C11: 04-Jun-2026 | D11: 04-Jun-2026 | E11: Completed | F11: 1 | G11: Practiced data exploration, basic cleansing, analysis, and chart-based interpretation in Excel.
A12: PL-300 Power BI for Data Analysis | B12: Course | C12: 04-Jun-2026 | D12: 04-Jun-2026 | E12: Completed | F12: 1 | G12: Built foundation in Power BI, dashboards, visual analytics, model design, and business reporting.
A13: Deep Learning Math | B13: Course | C13: 05-Jun-2026 | D13: 05-Jun-2026 | E13: Completed
A14: Designing BI Infrastructure | B14: Course | C14: 05-Jun-2026 | D14: 05-Jun-2026 | E14: Completed
A15: JTI Data Exploration and Key Validation | B15: Project | C15: 08-Jun-2026 | D15: 08-Jun-2026 | E15: Completed
A16: Elasticity Model Comparison (OLS, HLM, GAM) | B16: Project | C16: 09-Jun-2026 | D16: 09-Jun-2026 | E16: Completed
A17: Elasticity Findings Report | B17: Project | C17: 10-Jun-2026 | D17: 10-Jun-2026 | E17: Completed
A18: Gemini Enterprise | B18: Course | C18: 10-Jun-2026 | E18: In Progress

Sheet Dashboard
A1: Internship Progress Dashboard | J1: Go to Daily Activities
J2: Go to Activity Tracker
A3: Total Recorded Days | C3: Office Days | E3: WFH Days | G3: Courses Completed
A4: =COUNTA('Daily Activities'!A4:A19) | C4: =COUNTIF('Daily Activities'!C:C,"Office") | E4: =COUNTIF('Daily Activities'!C:C,"Home") | G4: =COUNTIF('Activity Tracker'!E:E,"Completed")
A6: Leave Days | C6: Weekend Days | E6: Project Activities | G6: Completion %
A7: =COUNTIF('Daily Activities'!C:C,"Leave") | C7: =COUNTIF('Daily Activities'!C:C,"Weekend") | E7: =COUNTIF('Daily Activities'!D:D,"Project Work") | G7: =COUNTIF('Activity Tracker'!E:E,"Completed")/COUNTA('Activity Tracker'!A4:A12)
A10: Work Mode | B10: Count | D10: Activity Category | E10: Count
A11: Office | B11: =COUNTIF('Daily Activities'!C:C,A11) | D11: Onboarding | E11: =COUNTIF('Daily Activities'!D:D,D11)
A12: Home | B12: =COUNTIF('Daily Activities'!C:C,A12) | D12: Team Interaction | E12: =COUNTIF('Daily Activities'!D:D,D12)
A13: Leave | B13: =COUNTIF('Daily Activities'!C:C,A13) | D13: Domain Learning | E13: =COUNTIF('Daily Activities'!D:D,D13)
A14: Weekend | B14: =COUNTIF('Daily Activities'!C:C,A14) | D14: Technical Learning | E14: =COUNTIF('Daily Activities'!D:D,D14)
D15: Project Work | E15: =COUNTIF('Daily Activities'!D:D,D15)
D16: Course Learning | E16: =COUNTIF('Daily Activities'!D:D,D16)
D17: Course Completion | E17: =COUNTIF('Daily Activities'!D:D,D17)
D18: Leave | E18: =COUNTIF('Daily Activities'!D:D,D18)
D19: No Work | E19: =COUNTIF('Daily Activities'!D:D,D19)
A37: Interactive features included: filters on both data sheets, dropdowns for Work Mode and Status, wrapped text, dashboard KPI cards, charts, and clickable navigation links.
